doc_id,filename,status,subject_area,subject_source,page_count,lines_stripped,units_detected,chunks_emitted,toc_chunks_dropped,errors,warnings,processed_at
DOC-001-19th-amendment-act,19th-amendment-act.pdf,OK_WARN,constitutional_law,manifest,62,0,33,47,0,,DOC-001-19th-amendment-act-C0036 below min_chunk_chars (102),2026-08-13T07:07:11+00:00
DOC-002-20th-amendment-act,20th-amendment-act.pdf,OK_WARN,constitutional_law,manifest,40,0,51,45,0,,DOC-002-20th-amendment-act-C0002 below min_chunk_chars (85) | DOC-002-20th-amendment-act-C0005 below min_chunk_chars (97) | DOC-002-20th-amendment-act-C0027 below min_chunk_chars (100) | DOC-002-20th-amendment-act-C0028 below min_chunk_chars (100) | DOC-002-20th-amendment-act-C0029 below min_chunk_chars (100) | DOC-002-20th-amendment-act-C0030 below min_chunk_chars (100) | DOC-002-20th-amendment-act-C0031 below min_chunk_chars (100) | DOC-002-20th-amendment-act-C0032 below min_chunk_chars (100) | DOC-002-20th-amendment-act-C0035 below min_chunk_chars (100) | DOC-002-20th-amendment-act-C0036 below min_chunk_chars (100) | DOC-002-20th-amendment-act-C0037 below min_chunk_chars (100) | DOC-002-20th-amendment-act-C0038 below min_chunk_chars (100) | DOC-002-20th-amendment-act-C0039 below min_chunk_chars (100) | DOC-002-20th-amendment-act-C0042 below min_chunk_chars (85),2026-08-13T07:07:19+00:00
DOC-003-21st-amendment-act,21st-amendment-act.pdf,OK_WARN,constitutional_law,manifest,50,0,28,39,0,,DOC-003-21st-amendment-act-C0002 below min_chunk_chars (87) | DOC-003-21st-amendment-act-C0037 below min_chunk_chars (107),2026-08-13T07:07:25+00:00
DOC-004-arbitration-act-2,Arbitration act 2.pdf,FAIL,civil_procedure,manifest,23,0,0,0,,No extractable text,,2026-08-13T07:07:31+00:00
DOC-005-code-of-criminal-procedure,CODE OF CRIMINAL PROCEDURE.html,OK_WARN,criminal_procedure,manifest,1,1,288,311,1,,DOC-005-code-of-criminal-procedure-C0009 below min_chunk_chars (105) | DOC-005-code-of-criminal-procedure-C0081 below min_chunk_chars (102) | DOC-005-code-of-criminal-procedure-C0112 below min_chunk_chars (59) | DOC-005-code-of-criminal-procedure-C0137 below min_chunk_chars (82) | DOC-005-code-of-criminal-procedure-C0186 below min_chunk_chars (113) | DOC-005-code-of-criminal-procedure-C0195 below min_chunk_chars (91) | DOC-005-code-of-criminal-procedure-C0213 below min_chunk_chars (97) | DOC-005-code-of-criminal-procedure-C0216 below min_chunk_chars (102) | DOC-005-code-of-criminal-procedure-C0222 below min_chunk_chars (36) | DOC-005-code-of-criminal-procedure-C0273 below min_chunk_chars (113) | DOC-005-code-of-criminal-procedure-C0285 below min_chunk_chars (119) | DOC-005-code-of-criminal-procedure-C0311 below min_chunk_chars (9) | 1 table-of-contents chunk(s) dropped,2026-08-13T07:07:31+00:00
DOC-006-companies-act-no-7,companies Act no 7.pdf,OK_WARN,company_commercial,manifest,81,0,584,87,42,,DOC-006-companies-act-no-7-C0007 below min_chunk_chars (84) | DOC-006-companies-act-no-7-C0010 below min_chunk_chars (81) | DOC-006-companies-act-no-7-C0013 below min_chunk_chars (91) | DOC-006-companies-act-no-7-C0015 below min_chunk_chars (86) | DOC-006-companies-act-no-7-C0017 below min_chunk_chars (90) | DOC-006-companies-act-no-7-C0025 below min_chunk_chars (102) | DOC-006-companies-act-no-7-C0028 below min_chunk_chars (92) | DOC-006-companies-act-no-7-C0030 below min_chunk_chars (119) | DOC-006-companies-act-no-7-C0031 below min_chunk_chars (81) | DOC-006-companies-act-no-7-C0033 below min_chunk_chars (92) | DOC-006-companies-act-no-7-C0034 below min_chunk_chars (111) | DOC-006-companies-act-no-7-C0036 below min_chunk_chars (83) | DOC-006-companies-act-no-7-C0044 below min_chunk_chars (85) | 42 table-of-contents chunk(s) dropped,2026-08-13T07:07:31+00:00
DOC-007-consolidated-civil-procedure-code-upto-a,Consolidated-Civil-Procedure-Code-upto-Act-No.-43-of-2024.pdf,OK_WARN,civil_procedure,manifest,81,0,29,68,1,,1 table-of-contents chunk(s) dropped,2026-08-13T07:07:44+00:00
DOC-008-constitution,constitution.pdf,OK_WARN,constitutional_law,manifest,81,0,41,53,3,,DOC-008-constitution-C0015 below min_chunk_chars (86) | 3 table-of-contents chunk(s) dropped,2026-08-13T07:08:06+00:00
DOC-009-consumer-affairs-authority,CONSUMER AFFAIRS AUTHORITY.html,OK_WARN,contract_law,manifest,1,1,44,55,0,,DOC-009-consumer-affairs-authority-C0007 below min_chunk_chars (94) | DOC-009-consumer-affairs-authority-C0026 below min_chunk_chars (79),2026-08-13T07:08:26+00:00
DOC-010-evidence-ordinance-consolidated-2024,Evidence-Ordinance-Consolidated-2024.pdf,OK_WARN,evidence,manifest,81,0,19,50,0,,DOC-010-evidence-ordinance-consolidated-2024-C0035 below min_chunk_chars (112),2026-08-13T07:08:26+00:00
DOC-011-intellectual-property-act-no-36-of-2003,Intellectual_Property_Act_No_36_of_2003.pdf,OK_WARN,intellectual_property,manifest,81,0,78,81,0,,DOC-011-intellectual-property-act-no-36-of-2003-C0002 below min_chunk_chars (102) | DOC-011-intellectual-property-act-no-36-of-2003-C0015 below min_chunk_chars (101) | DOC-011-intellectual-property-act-no-36-of-2003-C0043 below min_chunk_chars (104),2026-08-13T07:08:49+00:00
DOC-012-judicature-act,Judicature-Act.pdf,OK_WARN,civil_procedure,manifest,81,83,42,63,0,,DOC-012-judicature-act-C0029 below min_chunk_chars (88) | DOC-012-judicature-act-C0032 below min_chunk_chars (87) | DOC-012-judicature-act-C0038 below min_chunk_chars (87) | DOC-012-judicature-act-C0040 below min_chunk_chars (86) | DOC-012-judicature-act-C0054 below min_chunk_chars (109),2026-08-13T07:09:02+00:00
DOC-013-maintenance-act-no-37-of-1999,"MAINTENANCE__ACT,_No._37_OF_1999.pdf",OK_WARN,family_law,manifest,17,1,17,17,1,,DOC-013-maintenance-act-no-37-of-1999-C0003 below min_chunk_chars (102) | DOC-013-maintenance-act-no-37-of-1999-C0008 below min_chunk_chars (29) | 1 table-of-contents chunk(s) dropped,2026-08-13T07:09:17+00:00
DOC-014-marriages-general-consolidated-2024,Marriages-General-Consolidated-2024.pdf,OK_WARN,family_law,manifest,38,3,1,19,3,,3 table-of-contents chunk(s) dropped,2026-08-13T07:09:20+00:00
DOC-015-mediation-boards-act-no-21,Mediation Boards Act no 21.pdf,OK_WARN,civil_procedure,manifest,15,0,25,26,0,,DOC-015-mediation-boards-act-no-21-C0002 below min_chunk_chars (108),2026-08-13T07:09:32+00:00
DOC-016-mediation-boards-act-no-27,Mediation Boards Act no 27.pdf,FAIL,civil_procedure,manifest,13,0,0,0,,No extractable text,,2026-08-13T07:09:35+00:00
DOC-017-penal-code,Penal_Code.pdf,OK_WARN,criminal_law,manifest,81,115,166,168,0,,DOC-017-penal-code-C0001 below min_chunk_chars (19) | DOC-017-penal-code-C0003 below min_chunk_chars (119) | DOC-017-penal-code-C0009 below min_chunk_chars (118) | DOC-017-penal-code-C0024 below min_chunk_chars (92) | DOC-017-penal-code-C0028 below min_chunk_chars (112) | DOC-017-penal-code-C0029 below min_chunk_chars (114) | DOC-017-penal-code-C0031 below min_chunk_chars (116) | DOC-017-penal-code-C0122 below min_chunk_chars (47),2026-08-13T07:09:35+00:00
DOC-018-personal-data-protection-act,Personal Data protection Act.pdf,OK,administrative_public,manifest,65,0,56,60,0,,,2026-08-13T07:09:58+00:00
DOC-019-primary-courts-procedure,PRIMARY COURTS' PROCEDURE.html,OK_WARN,criminal_procedure,manifest,1,1,51,52,0,,DOC-019-primary-courts-procedure-C0017 below min_chunk_chars (87) | DOC-019-primary-courts-procedure-C0033 below min_chunk_chars (104) | DOC-019-primary-courts-procedure-C0051 below min_chunk_chars (108),2026-08-13T07:10:08+00:00
DOC-020-registration-of-documents-consolidated-2,Registration-of-Documents-Consolidated-2024.pdf,OK_WARN,property_land,manifest,22,0,6,15,1,,1 table-of-contents chunk(s) dropped,2026-08-13T07:10:08+00:00
DOC-021-sale-of-goods,SALE OF GOODS.html,OK,contract_law,manifest,1,1,19,24,0,,,2026-08-13T07:10:16+00:00
